Time, Sample Count, Green Count, Green2 Count, IR Count, Red Count, X Axis Acceleration (g), Y Axis Acceleration (g), Z Axis Acceleration (g), Operating Mode, Heart Rate (bpm), HR Confidence (%), RR, RR Confidence (%), Activity, R Value, SpO2 Confidence (%), SpO2 (%), SpO2 Percent Complete, Low Signal Quality, Motion Flag, WSPO2 Low Pi, Unreliable R, SpO2 State, SCD State, SAMPLE Time
2022-11-01 15:14:31.673,0,139901,139326,15524,13519,-0.059,-0.147,0.986,0,60,0,0,0,OTHER,0,0,0,0,0,0,0,0,ADJUSTING,ON OBJECT,54871
2022-11-01 15:14:31.748,1,258879,223884,15517,13515,-0.058,-0.152,0.985,0,60,0,0,0,OTHER,0,0,0,0,0,0,0,0,ADJUSTING,ON OBJECT,54871
2022-11-01 15:14:31.751,2,225655,172638,15504,13504,-0.052,-0.136,0.987,0,60,0,0,0,OTHER,0,0,0,0,0,0,0,0,ADJUSTING,ON OBJECT,54871
2022-11-01 15:14:31.821,3,177809,139929,15505,13510,-0.054,-0.14,0.987,0,60,0,0,0,OTHER,0,0,0,0,0,0,0,0,ADJUSTING,ON OBJECT,54871
2022-11-01 15:14:31.824,4,162573,130344,15496,13495,-0.055,-0.145,0.985,0,60,0,0,0,OTHER,0,0,0,0,0,0,0,0,ADJUSTING,ON OBJECT,54871
2022-11-01 15:14:31.892,5,162485,130221,15475,13473,-0.052,-0.133,0.988,0,60,0,0,0,OTHER,0,0,0,0,0,0,0,0,ADJUSTING,ON OBJECT,54871
2022-11-01 15:14:31.895,6,162497,130207,15465,13462,-0.046,-0.133,0.985,0,60,0,0,0,OTHER,0,0,0,0,0,0,0,0,ADJUSTING,ON OBJECT,54871
2022-11-01 15:14:31.939,7,162564,130268,15468,13464,-0.052,-0.133,0.985,0,60,0,0,0,OTHER,0,0,0,0,0,0,0,0,ADJUSTING,ON OBJECT,54871
2022-11-01 15:14:31.986,8,162667,130366,15483,13478,-0.05,-0.138,0.985,0,60,0,0,0,OTHER,0,0,0,0,0,0,0,0,ADJUSTING,ON OBJECT,54871
2022-11-01 15:14:32.017,9,162766,130465,15497,13489,-0.051,-0.134,0.985,0,60,0,0,0,OTHER,0,0,0,0,0,0,0,0,ADJUSTING,ON OBJECT,54871
2022-11-01 15:14:32.064,10,162819,130515,15509,13503,-0.052,-0.136,0.986,0,60,0,0,0,OTHER,0,0,0,0,0,0,0,0,ADJUSTING,ON OBJECT,54871
2022-11-01 15:14:32.095,11,162842,130522,15515,13510,-0.054,-0.139,0.988,0,60,0,0,0,OTHER,0,0,0,0,0,0,0,0,ADJUSTING,ON OBJECT,54871
2022-11-01 15:14:32.142,12,162874,130541,15508,13505,-0.053,-0.139,0.986,0,60,0,0,0,OTHER,0,0,0,0,0,0,0,0,ADJUSTING,ON OBJECT,54871
2022-11-01 15:14:32.174,13,162928,130574,15504,13499,-0.056,-0.138,0.987,0,60,0,0,0,OTHER,0,0,0,0,0,0,0,0,ADJUSTING,ON OBJECT,54872
2022-11-01 15:14:32.221,14,163014,130649,15506,13496,-0.052,-0.136,0.986,0,60,0,0,0,OTHER,0,0,0,0,0,0,0,0,ADJUSTING,ON OBJECT,54872
2022-11-01 15:14:32.252,15,163114,130734,15505,13495,-0.051,-0.135,0.986,0,60,0,0,0,OTHER,0,0,0,0,0,0,0,0,ADJUSTING,ON OBJECT,54872
2022-11-01 15:14:32.299,16,163223,130843,15509,13496,-0.048,-0.136,0.986,0,60,0,0,0,OTHER,0,0,0,0,0,0,0,0,ADJUSTING,ON OBJECT,54872
2022-11-01 15:14:32.346,17,163340,130952,15511,13497,-0.055,-0.136,0.986,0,60,0,0,0,OTHER,0,0,0,0,0,0,0,0,ADJUSTING,ON OBJECT,54872
2022-11-01 15:14:32.377,18,163457,131049,15514,13499,-0.053,-0.139,0.986,0,60,0,0,0,OTHER,0,0,0,0,0,0,0,0,ADJUSTING,ON OBJECT,54872
2022-11-01 15:14:32.425,19,163503,131094,15516,13503,-0.051,-0.136,0.986,0,60,0,0,0,OTHER,0,0,0,0,0,0,0,0,ADJUSTING,ON OBJECT,54872
2022-11-01 15:14:32.457,20,163382,130955,15521,13515,-0.052,-0.138,0.987,0,60,0,0,0,OTHER,0,0,0,0,0,0,0,0,ADJUSTING,ON OBJECT,54872
2022-11-01 15:14:32.505,21,163226,130766,15507,13501,-0.055,-0.137,0.985,0,60,0,0,0,OTHER,0,0,0,0,0,0,0,0,ADJUSTING,ON OBJECT,54872
2022-11-01 15:14:32.535,22,163136,130654,15484,13473,-0.048,-0.135,0.988,0,60,0,0,0,OTHER,0,0,0,0,0,0,0,0,ADJUSTING,ON OBJECT,54872
2022-11-01 15:14:32.581,23,163133,130636,31094,26628,-0.05,-0.135,0.986,0,60,0,0,0,OTHER,0,0,0,0,0,0,0,0,ADJUSTING,ON OBJECT,54872
2022-11-01 15:14:32.613,24,163175,130682,31091,26629,-0.055,-0.136,0.986,0,60,0,0,0,OTHER,0,0,0,0,0,0,0,0,ADJUSTING,ON OBJECT,54872
2022-11-01 15:14:32.660,25,163254,130768,31103,26635,-0.051,-0.135,0.986,0,60,0,0,0,OTHER,0,0,0,0,0,0,0,0,ADJUSTING,ON OBJECT,54872
2022-11-01 15:14:32.708,26,163339,130852,31109,26648,-0.049,-0.135,0.987,0,60,0,0,0,OTHER,0,0,0,0,0,0,0,0,ADJUSTING,ON OBJECT,54872
2022-11-01 15:14:32.738,27,163376,130901,31123,26667,-0.052,-0.136,0.986,0,60,0,0,0,OTHER,0,0,0,0,0,0,0,0,ADJUSTING,ON OBJECT,54872
2022-11-01 15:14:32.785,28,163404,130917,31127,26671,-0.051,-0.135,0.986,0,60,0,0,0,OTHER,0,0,0,0,0,0,0,0,ADJUSTING,ON OBJECT,54872
2022-11-01 15:14:32.815,29,163437,130936,31118,26660,-0.051,-0.136,0.986,0,60,0,0,0,OTHER,0,0,0,0,0,0,0,0,ADJUSTING,ON OBJECT,54872
2022-11-01 15:14:32.863,30,163500,130985,31118,26658,-0.052,-0.136,0.987,0,60,0,0,0,OTHER,0,0,0,0,0,0,0,0,ADJUSTING,ON OBJECT,54872
2022-11-01 15:14:32.894,31,163588,131063,31119,26659,-0.051,-0.135,0.987,0,60,0,0,0,OTHER,0,0,0,0,0,0,0,0,ADJUSTING,ON OBJECT,54872
2022-11-01 15:14:32.941,32,163680,131154,31129,26667,-0.053,-0.135,0.987,0,60,0,0,0,OTHER,0,0,0,0,0,0,0,0,ADJUSTING,ON OBJECT,54872
2022-11-01 15:14:32.973,33,163793,131267,31143,26675,-0.05,-0.135,0.987,0,60,0,0,0,OTHER,0,0,0,0,0,0,0,0,ADJUSTING,ON OBJECT,54872
2022-11-01 15:14:33.018,34,163913,131379,31154,26687,-0.053,-0.135,0.987,0,60,0,0,0,OTHER,0,0,0,0,0,0,0,0,ADJUSTING,ON OBJECT,54872
2022-11-01 15:14:33.066,35,164014,131490,60305,52553,-0.052,-0.135,0.986,0,60,0,0,0,OTHER,0,0,0,0,0,0,0,0,ADJUSTING,ON OBJECT,54872
2022-11-01 15:14:33.097,36,163992,131475,61341,52610,-0.05,-0.135,0.986,0,60,0,0,0,OTHER,0,0,0,0,0,0,0,0,ADJUSTING,ON OBJECT,54872
2022-11-01 15:14:33.145,37,163805,131285,61344,52655,-0.054,-0.137,0.987,0,60,0,0,0,OTHER,0,0,0,0,0,0,0,0,ADJUSTING,ON OBJECT,54872
2022-11-01 15:14:33.175,38,163638,131092,61235,52562,-0.054,-0.135,0.986,0,60,0,0,0,OTHER,0,0,0,0,0,0,0,0,ADJUSTING,ON OBJECT,54873
2022-11-01 15:14:33.223,39,163558,130993,61134,52466,-0.05,-0.135,0.986,0,60,0,0,0,OTHER,0,0,0,0,0,0,0,0,ADJUSTING,ON OBJECT,54873
2022-11-01 15:14:33.254,40,163566,130986,61095,52432,-0.052,-0.135,0.985,0,60,0,0,0,OTHER,0,0,0,0,0,0,0,0,ADJUSTING,ON OBJECT,54873
2022-11-01 15:14:33.302,41,163600,131030,61095,52434,-0.052,-0.133,0.987,0,60,0,0,0,OTHER,0,0,0,0,0,0,0,0,ADJUSTING,ON OBJECT,54873
2022-11-01 15:14:33.333,42,163672,131111,61110,52448,-0.052,-0.137,0.988,0,60,0,0,0,OTHER,0,0,0,0,0,0,0,0,ADJUSTING,ON OBJECT,54873
2022-11-01 15:14:33.381,43,163725,131182,61135,52480,-0.05,-0.135,0.988,0,60,0,0,0,OTHER,0,0,0,0,0,0,0,0,ADJUSTING,ON OBJECT,54873
2022-11-01 15:14:33.412,44,163754,131216,61165,52517,-0.051,-0.136,0.987,0,60,0,0,0,OTHER,0,0,0,0,0,0,0,0,ADJUSTING,ON OBJECT,54873
2022-11-01 15:14:33.459,45,163761,131230,61166,52522,-0.051,-0.136,0.987,0,60,0,0,0,REST,0,0,0,0,0,0,0,0,ADJUSTING,ON OBJECT,54873
2022-11-01 15:14:33.505,46,163808,131263,61158,52511,-0.051,-0.136,0.987,0,60,0,0,0,REST,0,0,0,0,0,0,0,0,ADJUSTING,ON OBJECT,54873
2022-11-01 15:14:33.536,47,163863,131324,62781,53930,-0.052,-0.134,0.986,0,60,0,0,0,REST,0,0,0,0,0,0,0,0,ADJUSTING,ON OBJECT,54873
2022-11-01 15:14:33.584,48,163938,131399,62791,53940,-0.05,-0.136,0.987,0,60,0,0,0,REST,0,0,0,0,0,0,0,0,ADJUSTING,ON OBJECT,54873
2022-11-01 15:14:33.615,49,164033,131493,62809,53954,-0.052,-0.134,0.987,0,60,0,0,0,REST,0,0,0,0,0,0,0,0,ADJUSTING,ON OBJECT,54873
2022-11-01 15:14:33.663,50,164142,131595,62832,53976,-0.051,-0.135,0.987,0,60,0,0,0,REST,0,0,0,0,0,0,0,0,ADJUSTING,ON OBJECT,54873
2022-11-01 15:14:33.695,51,164251,131693,62853,53998,-0.048,-0.134,0.988,0,60,0,0,0,REST,0,0,0,0,0,0,0,0,ADJUSTING,ON OBJECT,54873
2022-11-01 15:14:33.739,52,164356,131798,62874,54018,-0.055,-0.134,0.987,0,60,0,0,0,REST,0,0,0,0,0,0,0,0,ADJUSTING,ON OBJECT,54873
2022-11-01 15:14:33.786,53,164456,131896,62900,54044,-0.051,-0.136,0.986,0,60,0,0,0,REST,0,0,0,0,0,0,0,0,ADJUSTING,ON OBJECT,54873
2022-11-01 15:14:33.817,54,164420,131860,62945,54113,-0.048,-0.135,0.987,0,60,0,0,0,REST,0,0,0,0,0,0,0,0,ADJUSTING,ON OBJECT,54873
2022-11-01 15:14:33.865,55,164211,131633,62970,54151,-0.052,-0.135,0.987,0,60,0,0,0,REST,0,0,0,0,0,0,0,0,ADJUSTING,ON OBJECT,54873
2022-11-01 15:14:33.897,56,164011,131412,62874,54059,-0.053,-0.135,0.987,0,60,0,0,0,REST,0,0,0,0,0,0,0,0,ADJUSTING,ON OBJECT,54873
2022-11-01 15:14:33.943,57,163905,131295,62778,53966,-0.05,-0.134,0.987,0,60,0,0,0,REST,0,0,0,0,0,0,0,0,ADJUSTING,ON OBJECT,54873
2022-11-01 15:14:33.974,58,163881,131272,62744,53927,-0.051,-0.134,0.985,0,60,0,0,0,REST,0,0,0,0,0,0,0,0,ADJUSTING,ON OBJECT,54873
2022-11-01 15:14:34.021,59,163888,131288,62754,53932,-0.049,-0.134,0.988,0,60,0,0,0,REST,0,0,0,0,0,0,0,0,ADJUSTING,ON OBJECT,54873
2022-11-01 15:14:34.052,60,163930,131345,62769,53944,-0.05,-0.136,0.986,0,60,0,0,0,REST,0,0,0,0,0,0,0,0,ADJUSTING,ON OBJECT,54873
2022-11-01 15:14:34.099,61,163971,131394,62799,53972,-0.049,-0.135,0.987,0,60,0,0,0,REST,0,0,0,0,0,0,0,0,ADJUSTING,ON OBJECT,54873
2022-11-01 15:14:34.146,62,163995,131422,62824,54001,-0.051,-0.135,0.987,0,60,0,0,0,REST,0,0,0,0,0,0,0,0,ADJUSTING,ON OBJECT,54873
2022-11-01 15:14:34.177,63,164002,131427,62835,54011,-0.052,-0.135,0.985,0,60,0,0,0,REST,0,0,0,0,0,0,0,0,ADJUSTING,ON OBJECT,54874
2022-11-01 15:14:34.223,64,164031,131444,62828,54001,-0.05,-0.135,0.988,0,60,0,0,0,REST,0,0,0,0,0,0,0,0,ADJUSTING,ON OBJECT,54874
2022-11-01 15:14:34.255,65,164086,131494,62822,53995,-0.05,-0.134,0.987,0,60,0,0,0,REST,0,0,0,0,0,0,0,0,ADJUSTING,ON OBJECT,54874
2022-11-01 15:14:34.303,66,164157,131562,62838,54000,-0.052,-0.135,0.987,0,60,0,0,0,REST,0,0,0,0,0,0,0,0,ADJUSTING,ON OBJECT,54874
2022-11-01 15:14:34.333,67,164244,131660,62858,54019,-0.052,-0.134,0.986,0,60,0,0,0,REST,0,0,0,0,0,0,0,0,ADJUSTING,ON OBJECT,54874
2022-11-01 15:14:34.382,68,164344,131761,62890,54042,-0.052,-0.134,0.985,0,60,0,0,0,REST,0,0,0,0,0,0,0,0,ADJUSTING,ON OBJECT,54874
2022-11-01 15:14:34.412,69,164448,131867,62920,54071,-0.051,-0.134,0.987,0,60,0,0,0,REST,0,0,0,0,0,0,0,0,ADJUSTING,ON OBJECT,54874
2022-11-01 15:14:34.458,70,164548,131967,62948,54099,-0.054,-0.134,0.986,0,60,0,0,0,REST,0,0,0,0,0,0,0,0,ADJUSTING,ON OBJECT,54874
2022-11-01 15:14:34.506,71,164652,132067,62974,54128,-0.049,-0.135,0.986,0,60,0,0,0,REST,0,0,0,0,0,0,0,0,ADJUSTING,ON OBJECT,54874
2022-11-01 15:14:34.537,72,164748,132155,62988,54136,-0.055,-0.132,0.988,0,60,0,0,0,REST,0,0,0,0,0,0,0,0,ADJUSTING,ON OBJECT,54874
2022-11-01 15:14:34.585,73,164820,132235,63020,54170,-0.049,-0.137,0.986,0,60,0,0,0,REST,0,0,0,0,0,0,0,0,ADJUSTING,ON OBJECT,54874
2022-11-01 15:14:34.617,74,164732,132149,63074,54245,-0.052,-0.132,0.986,0,60,0,0,0,REST,0,0,0,0,0,0,0,0,ADJUSTING,ON OBJECT,54874
2022-11-01 15:14:34.663,75,164530,131920,63073,54263,-0.052,-0.136,0.987,0,60,0,0,0,REST,0,0,0,0,0,0,0,0,ADJUSTING,ON OBJECT,54874
2022-11-01 15:14:34.694,76,164353,131724,62975,54160,-0.052,-0.133,0.985,0,60,0,0,0,REST,0,0,0,0,0,0,0,0,ADJUSTING,ON OBJECT,54874
2022-11-01 15:14:34.743,77,164265,131630,62900,54080,-0.049,-0.135,0.985,0,60,0,0,0,REST,0,0,0,0,0,0,0,0,ADJUSTING,ON OBJECT,54874
2022-11-01 15:14:34.774,78,164243,131604,62879,54052,-0.052,-0.134,0.986,0,60,0,0,0,REST,0,0,0,0,0,0,0,0,ADJUSTING,ON OBJECT,54874
2022-11-01 15:14:34.822,79,164249,131617,62891,54061,-0.051,-0.133,0.987,0,60,0,0,0,REST,0,0,0,0,0,0,0,0,ADJUSTING,ON OBJECT,54874
2022-11-01 15:14:34.853,80,164287,131661,62902,54066,-0.052,-0.135,0.987,0,60,0,0,0,REST,0,0,0,0,0,0,0,0,ADJUSTING,ON OBJECT,54874
2022-11-01 15:14:34.898,81,164320,131697,62919,54083,-0.05,-0.134,0.987,0,60,0,0,0,REST,0,0,0,0,0,0,0,0,ADJUSTING,ON SKIN,54874
2022-11-01 15:14:34.946,82,164334,131703,62942,54107,-0.052,-0.133,0.987,0,60,0,0,0,REST,0,0,0,0,0,0,0,0,ADJUSTING,ON SKIN,54874
2022-11-01 15:14:34.978,83,164338,131697,62945,54116,-0.052,-0.135,0.988,0,60,0,0,0,REST,0,0,0,0,0,0,0,0,ADJUSTING,ON SKIN,54874
2022-11-01 15:14:35.025,84,164364,131718,62938,54100,-0.05,-0.135,0.987,0,60,0,0,0,REST,0,0,0,0,0,0,0,0,ADJUSTING,ON SKIN,54874
2022-11-01 15:14:35.056,85,164411,131753,62938,54097,-0.051,-0.134,0.986,0,60,0,0,0,REST,0,0,0,0,0,0,0,0,ADJUSTING,ON SKIN,54874
2022-11-01 15:14:35.103,86,164482,131817,62950,54107,-0.053,-0.134,0.985,0,60,0,0,0,REST,0,0,0,0,0,0,0,0,ADJUSTING,ON SKIN,54874
2022-11-01 15:14:35.135,87,164576,131902,62967,54116,-0.052,-0.134,0.986,0,60,0,0,0,REST,0,0,0,0,0,0,0,0,ADJUSTING,ON SKIN,54874
2022-11-01 15:14:35.182,88,164677,131989,62990,54133,-0.051,-0.134,0.985,0,60,0,0,0,REST,0,0,0,0,0,0,0,0,ADJUSTING,ON SKIN,54875
2022-11-01 15:14:35.214,89,164774,132085,63017,54158,-0.052,-0.135,0.985,0,60,0,0,0,REST,0,0,0,0,0,0,0,0,ADJUSTING,ON SKIN,54875
2022-11-01 15:14:35.261,90,164872,132176,63042,54180,-0.051,-0.134,0.984,0,60,0,0,0,REST,0,0,0,0,0,0,0,0,ADJUSTING,ON SKIN,54875
2022-11-01 15:14:35.307,91,164974,132263,63062,54195,-0.051,-0.134,0.986,0,60,0,0,0,REST,0,0,0,0,0,0,0,0,ADJUSTING,ON SKIN,54875
2022-11-01 15:14:35.338,92,165063,132348,63075,54205,-0.052,-0.133,0.986,0,60,0,0,0,REST,0,0,0,0,0,0,0,0,ADJUSTING,ON SKIN,54875
2022-11-01 15:14:35.384,93,165163,132435,63081,54210,-0.054,-0.135,0.987,0,60,0,0,0,REST,0,0,0,0,0,0,0,0,ADJUSTING,ON SKIN,54875
2022-11-01 15:14:35.415,94,165239,132501,63104,54235,-0.049,-0.136,0.987,0,60,0,0,0,REST,0,0,0,0,0,0,0,0,ADJUSTING,ON SKIN,54875
2022-11-01 15:14:35.463,95,165126,132386,63155,54310,-0.05,-0.135,0.986,0,60,0,0,0,REST,0,0,0,0,0,0,0,0,ADJUSTING,ON SKIN,54875
2022-11-01 15:14:35.493,96,164936,132166,63136,54303,-0.052,-0.135,0.987,0,60,0,0,0,REST,0,0,0,0,0,0,0,0,ADJUSTING,ON SKIN,54875
2022-11-01 15:14:35.540,97,164796,131999,63043,54205,-0.051,-0.135,0.985,0,60,0,0,0,REST,0,0,0,0,0,0,0,0,ADJUSTING,ON SKIN,54875
2022-11-01 15:14:35.586,98,164741,131930,62972,54129,-0.05,-0.134,0.987,0,60,0,0,0,REST,0,0,0,0,0,0,0,0,ADJUSTING,ON SKIN,54875
2022-11-01 15:14:35.618,99,164739,131913,62954,54103,-0.049,-0.134,0.988,0,60,0,0,0,REST,0,0,0,0,0,0,0,0,ADJUSTING,ON SKIN,54875
2022-11-01 15:14:35.664,100,164770,131947,62960,54106,-0.052,-0.133,0.986,0,60,0,0,0,REST,0,0,0,0,0,0,0,0,ADJUSTING,ON SKIN,54875
2022-11-01 15:14:35.694,101,164809,132000,62970,54111,-0.049,-0.134,0.987,0,60,0,0,0,REST,0,0,0,0,0,0,0,0,ADJUSTING,ON SKIN,54875
2022-11-01 15:14:35.741,102,164848,132036,62986,54132,-0.049,-0.133,0.985,0,60,0,0,0,REST,0,0,0,0,0,0,0,0,ADJUSTING,ON SKIN,54875
2022-11-01 15:14:35.787,103,164853,132046,63007,54150,-0.051,-0.135,0.985,0,60,0,0,0,REST,0,0,0,0,0,0,0,0,ADJUSTING,ON SKIN,54875
2022-11-01 15:14:35.822,104,164862,132047,63005,54149,-0.051,-0.135,0.987,0,60,0,0,0,REST,0,0,0,0,0,0,0,0,ADJUSTING,ON SKIN,54875
2022-11-01 15:14:35.865,105,164887,132059,62996,54133,-0.05,-0.135,0.985,0,60,0,0,0,REST,0,0,0,0,0,0,0,0,ADJUSTING,ON SKIN,54875
2022-11-01 15:14:35.895,106,164926,132098,62983,54118,-0.052,-0.136,0.985,0,60,0,0,0,REST,0,0,0,0,0,0,0,0,ADJUSTING,ON SKIN,54875
2022-11-01 15:14:35.941,107,164994,132164,62987,54114,-0.052,-0.135,0.988,0,60,0,0,0,REST,0,0,0,0,0,0,0,0,CALCULATING,ON SKIN,54875
2022-11-01 15:14:35.972,108,165066,132237,63004,54127,-0.05,-0.134,0.986,0,60,0,0,0,REST,0,0,0,0,0,0,0,0,CALCULATING,ON SKIN,54875
2022-11-01 15:14:36.020,109,165164,132330,63026,54141,-0.05,-0.135,0.987,0,60,0,0,0,REST,0,0,0,0,0,0,0,0,CALCULATING,ON SKIN,54875
2022-11-01 15:14:36.066,110,165256,132419,63045,54164,-0.051,-0.134,0.986,0,60,0,0,0,REST,0,0,0,0,0,0,0,0,CALCULATING,ON SKIN,54875
2022-11-01 15:14:36.098,111,165353,132519,63069,54180,-0.05,-0.135,0.986,0,60,0,0,0,REST,0,0,0,0,0,0,0,0,CALCULATING,ON SKIN,54875
2022-11-01 15:14:36.146,112,165439,132604,63087,54192,-0.048,-0.134,0.986,0,60,0,402.8,10,REST,0,0,0,0,0,0,0,0,CALCULATING,ON SKIN,54875
2022-11-01 15:14:36.177,113,165528,132694,63099,54205,-0.054,-0.135,0.988,0,60,0,0,0,REST,0,0,0,0,0,0,0,0,CALCULATING,ON SKIN,54876
2022-11-01 15:14:36.224,114,165612,132769,63116,54219,-0.051,-0.135,0.986,0,60,0,0,0,REST,0,0,0,0,0,0,0,0,CALCULATING,ON SKIN,54876
2022-11-01 15:14:36.254,115,165586,132742,63141,54265,-0.048,-0.134,0.987,0,60,0,0,0,REST,0,0,0,0,0,0,0,0,CALCULATING,ON SKIN,54876
2022-11-01 15:14:36.300,116,165408,132559,63166,54306,-0.054,-0.136,0.986,0,60,0,0,0,REST,0,0,0,0,0,0,0,0,CALCULATING,ON SKIN,54876
2022-11-01 15:14:36.347,117,165250,132374,63092,54233,-0.051,-0.134,0.985,0,60,0,0,0,REST,0,0,0,0,0,0,0,0,CALCULATING,ON SKIN,54876
2022-11-01 15:14:36.377,118,165163,132268,63003,54133,-0.05,-0.135,0.986,0,60,0,0,0,REST,0,0,0,0,0,0,0,0,CALCULATING,ON SKIN,54876
2022-11-01 15:14:36.425,119,165159,132249,62963,54089,-0.049,-0.135,0.986,0,60,0,0,0,REST,0,0,0,0,0,0,0,0,CALCULATING,ON SKIN,54876
2022-11-01 15:14:36.457,120,165182,132269,62964,54083,-0.052,-0.133,0.985,0,60,0,0,0,REST,0,0,0,0,0,0,0,0,CALCULATING,ON SKIN,54876
2022-11-01 15:14:36.504,121,165230,132332,62973,54087,-0.051,-0.135,0.987,0,60,0,0,0,REST,0,0,0,0,0,0,0,0,CALCULATING,ON SKIN,54876
2022-11-01 15:14:36.534,122,165271,132387,62993,54105,-0.05,-0.135,0.986,0,60,0,0,0,REST,0,0,0,0,0,0,0,0,CALCULATING,ON SKIN,54876
2022-11-01 15:14:36.580,123,165286,132401,63017,54131,-0.052,-0.136,0.985,0,60,0,0,0,REST,0,0,0,0,0,0,0,0,CALCULATING,ON SKIN,54876
2022-11-01 15:14:36.627,124,165277,132390,63018,54138,-0.05,-0.135,0.985,0,60,0,0,0,REST,0,0,0,0,0,0,0,0,CALCULATING,ON SKIN,54876
2022-11-01 15:14:36.659,125,165290,132394,63005,54122,-0.052,-0.134,0.986,0,60,0,0,0,REST,0,0,0,0,0,0,0,0,CALCULATING,ON SKIN,54876
2022-11-01 15:14:36.706,126,165324,132422,62999,54107,-0.051,-0.135,0.987,0,60,0,0,0,REST,0,0,0,0,0,0,0,0,CALCULATING,ON SKIN,54876
2022-11-01 15:14:36.738,127,165387,132478,62998,54101,-0.051,-0.135,0.987,0,60,0,0,0,REST,0,0,0,0,0,0,0,0,CALCULATING,ON SKIN,54876
2022-11-01 15:14:36.784,128,165450,132540,63012,54103,-0.052,-0.135,0.985,0,60,0,0,0,REST,0,0,0,0,0,0,0,0,CALCULATING,ON SKIN,54876
2022-11-01 15:14:36.815,129,165532,132616,63021,54114,-0.049,-0.135,0.986,0,60,0,0,0,REST,0,0,0,0,0,0,0,0,CALCULATING,ON SKIN,54876
2022-11-01 15:14:36.861,130,165625,132706,63038,54128,-0.05,-0.135,0.986,0,60,0,0,0,REST,0,0,0,0,0,0,0,0,CALCULATING,ON SKIN,54876
2022-11-01 15:14:36.893,131,165706,132784,63049,54140,-0.052,-0.135,0.987,0,60,0,0,0,REST,0,0,0,0,0,0,0,0,CALCULATING,ON SKIN,54876
2022-11-01 15:14:36.940,132,165798,132868,63071,54154,-0.054,-0.137,0.986,0,60,0,788.5,25,REST,0,0,0,0,0,0,0,0,CALCULATING,ON SKIN,54876
2022-11-01 15:14:36.985,133,165869,132934,63090,54168,-0.049,-0.135,0.986,0,60,0,0,0,REST,0,0,0,0,0,0,0,0,CALCULATING,ON SKIN,54876
2022-11-01 15:14:37.019,134,165800,132866,63128,54233,-0.052,-0.135,0.986,0,60,0,0,0,REST,0,0,0,0,0,0,0,0,CALCULATING,ON SKIN,54876
2022-11-01 15:14:37.064,135,165605,132665,63146,54260,-0.055,-0.137,0.986,0,60,0,0,0,REST,0,0,0,0,0,0,0,0,CALCULATING,ON SKIN,54876
2022-11-01 15:14:37.095,136,165459,132497,63054,54171,-0.05,-0.134,0.985,0,60,0,0,0,REST,0,0,0,0,0,0,0,0,CALCULATING,ON SKIN,54876
2022-11-01 15:14:37.143,137,165389,132418,62982,54087,-0.05,-0.135,0.987,0,60,0,0,0,REST,0,0,0,0,0,0,0,0,CALCULATING,ON SKIN,54876
2022-11-01 15:14:37.174,138,165391,132421,62957,54063,-0.052,-0.134,0.985,0,60,0,0,0,REST,0,0,0,0,0,0,0,0,CALCULATING,ON SKIN,54877
2022-11-01 15:14:37.220,139,165415,132447,62964,54063,-0.05,-0.135,0.987,0,60,0,0,0,REST,0,0,0,0,0,0,0,0,CALCULATING,ON SKIN,54877
2022-11-01 15:14:37.266,140,165462,132511,62982,54076,-0.05,-0.135,0.987,0,60,0,0,0,REST,0,0,0,0,0,0,0,0,CALCULATING,ON SKIN,54877
2022-11-01 15:14:37.313,141,165494,132553,63013,54106,-0.05,-0.135,0.985,0,60,0,0,0,REST,0,0,0,0,0,0,0,0,CALCULATING,ON SKIN,54877
2022-11-01 15:14:37.344,142,165489,132562,63043,54140,-0.052,-0.135,0.986,0,60,0,0,0,REST,0,0,0,0,0,0,0,0,CALCULATING,ON SKIN,54877
2022-11-01 15:14:37.390,143,165465,132548,63045,54140,-0.051,-0.136,0.986,0,60,0,0,0,REST,0,0,0,0,0,0,0,0,CALCULATING,ON SKIN,54877
2022-11-01 15:14:37.437,144,165465,132554,63033,54125,-0.052,-0.135,0.986,0,60,0,0,0,REST,0,0,0,0,0,0,0,0,CALCULATING,ON SKIN,54877
2022-11-01 15:14:37.467,145,165491,132582,63028,54122,-0.051,-0.135,0.986,0,60,0,0,0,REST,0,0,0,0,0,0,0,0,CALCULATING,ON SKIN,54877
2022-11-01 15:14:37.514,146,165545,132629,63035,54124,-0.053,-0.135,0.986,0,60,0,0,0,REST,0,0,0,0,0,0,0,0,CALCULATING,ON SKIN,54877
2022-11-01 15:14:37.546,147,165603,132696,63053,54130,-0.052,-0.134,0.986,0,60,0,0,0,REST,0,0,0,0,0,0,0,0,CALCULATING,ON SKIN,54877
2022-11-01 15:14:37.593,148,165680,132782,63069,54145,-0.046,-0.134,0.986,0,60,0,0,0,REST,0,0,0,0,0,0,0,0,CALCULATING,ON SKIN,54877
2022-11-01 15:14:37.624,149,165759,132865,63086,54158,-0.054,-0.134,0.985,0,60,0,0,0,REST,0,0,0,0,0,0,0,0,CALCULATING,ON SKIN,54877
2022-11-01 15:14:37.671,150,165839,132945,63110,54181,-0.052,-0.136,0.987,0,60,0,0,0,REST,0,0,0,0,0,0,0,0,CALCULATING,ON SKIN,54877
2022-11-01 15:14:37.717,151,165868,132984,63137,54210,-0.048,-0.134,0.986,0,60,0,0,0,REST,0,0,0,0,0,0,0,0,CALCULATING,ON SKIN,54877
2022-11-01 15:14:37.748,152,165723,132851,63192,54294,-0.051,-0.136,0.986,0,60,0,0,0,REST,0,0,0,0,0,0,0,0,CALCULATING,ON SKIN,54877
2022-11-01 15:14:37.795,153,165472,132605,63169,54284,-0.052,-0.134,0.986,0,60,0,830,50,REST,0,0,0,0,0,0,0,0,CALCULATING,ON SKIN,54877
2022-11-01 15:14:37.826,154,165277,132414,63066,54177,-0.049,-0.134,0.987,0,60,0,0,0,REST,0,0,0,0,0,0,0,0,CALCULATING,ON SKIN,54877
2022-11-01 15:14:37.872,155,165181,132332,62996,54102,-0.051,-0.135,0.986,0,60,0,0,0,REST,0,0,0,0,0,0,0,0,CALCULATING,ON SKIN,54877
2022-11-01 15:14:37.905,156,165139,132310,62980,54077,-0.052,-0.133,0.987,0,60,0,0,0,REST,0,0,0,0,0,0,0,0,CALCULATING,ON SKIN,54877
2022-11-01 15:14:37.950,157,165137,132328,62987,54082,-0.052,-0.137,0.986,0,60,0,0,0,REST,0,0,0,0,0,0,0,0,CALCULATING,ON SKIN,54877
2022-11-01 15:14:37.997,158,165152,132372,62999,54090,-0.05,-0.133,0.986,0,60,0,0,0,REST,0,0,0,0,0,0,0,0,CALCULATING,ON SKIN,54877
2022-11-01 15:14:38.026,159,165138,132383,63021,54115,-0.05,-0.134,0.987,0,60,0,0,0,REST,0,0,0,0,0,0,0,0,CALCULATING,ON SKIN,54877
2022-11-01 15:14:38.060,160,165096,132371,63042,54138,-0.052,-0.135,0.986,0,60,0,0,0,REST,0,0,0,0,0,0,0,0,CALCULATING,ON SKIN,54877
2022-11-01 15:14:38.106,161,165054,132344,63029,54121,-0.051,-0.134,0.985,0,60,0,0,0,REST,0,0,0,0,0,0,0,0,CALCULATING,ON SKIN,54877
2022-11-01 15:14:38.137,162,165026,132328,63007,54102,-0.051,-0.134,0.986,0,60,0,0,0,REST,0,0,0,0,0,0,0,0,CALCULATING,ON SKIN,54877
2022-11-01 15:14:38.183,163,165035,132350,63001,54089,-0.051,-0.134,0.986,0,60,0,0,0,REST,0,0,0,0,0,0,0,0,CALCULATING,ON SKIN,54878
2022-11-01 15:14:38.215,164,165059,132390,63002,54087,-0.05,-0.134,0.986,0,60,0,0,0,REST,0,0,0,0,0,0,0,0,CALCULATING,ON SKIN,54878
2022-11-01 15:14:38.262,165,165099,132456,63007,54092,-0.05,-0.135,0.987,0,60,0,0,0,REST,0,0,0,0,0,0,0,0,CALCULATING,ON SKIN,54878
2022-11-01 15:14:38.293,166,165159,132522,63027,54101,-0.052,-0.134,0.986,0,60,0,0,0,REST,0,0,0,0,0,0,0,0,CALCULATING,ON SKIN,54878
2022-11-01 15:14:38.341,167,165232,132596,63042,54113,-0.052,-0.134,0.986,0,60,0,0,0,REST,0,0,0,0,0,0,0,0,CALCULATING,ON SKIN,54878
2022-11-01 15:14:38.373,168,165304,132670,63061,54128,-0.054,-0.136,0.985,0,60,0,0,0,REST,0,0,0,0,0,0,0,0,CALCULATING,ON SKIN,54878
2022-11-01 15:14:38.419,169,165334,132709,63083,54158,-0.048,-0.136,0.986,0,60,0,0,0,REST,0,0,0,0,0,0,0,0,CALCULATING,ON SKIN,54878
2022-11-01 15:14:38.465,170,165152,132544,63121,54226,-0.051,-0.132,0.987,0,60,0,0,0,REST,0,0,0,0,0,0,0,0,CALCULATING,ON SKIN,54878
2022-11-01 15:14:38.496,171,164819,132242,63093,54209,-0.051,-0.138,0.987,0,60,0,0,0,REST,0,0,0,0,0,0,0,0,CALCULATING,ON SKIN,54878
2022-11-01 15:14:38.544,172,164542,132009,62973,54087,-0.052,-0.133,0.984,0,60,0,0,0,REST,0,0,0,0,0,0,0,0,CALCULATING,ON SKIN,54878
2022-11-01 15:14:38.582,173,164371,131875,62893,54005,-0.051,-0.135,0.986,0,60,0,815,100,REST,0,0,0,0,0,0,0,0,CALCULATING,ON SKIN,54878
2022-11-01 15:14:38.623,174,164269,131822,62872,53978,-0.051,-0.133,0.987,0,60,0,0,0,REST,0,0,0,0,0,0,0,0,CALCULATING,ON SKIN,54878
2022-11-01 15:14:38.669,175,164218,131815,62876,53978,-0.052,-0.134,0.985,0,60,0,0,0,REST,0,0,0,0,0,0,0,0,CALCULATING,ON SKIN,54878
2022-11-01 15:14:38.717,176,164196,131825,62886,53984,-0.05,-0.134,0.987,0,60,0,0,0,REST,0,0,0,0,0,0,0,0,CALCULATING,ON SKIN,54878
2022-11-01 15:14:38.751,177,164166,131828,62906,54002,-0.052,-0.133,0.987,0,60,0,0,0,REST,0,0,0,0,0,0,0,0,CALCULATING,ON SKIN,54878
2022-11-01 15:14:38.796,178,164082,131779,62924,54029,-0.052,-0.135,0.985,0,60,0,0,0,REST,0,0,0,0,0,0,0,0,CALCULATING,ON SKIN,54878
2022-11-01 15:14:38.827,179,164007,131725,62908,54016,-0.053,-0.134,0.985,0,60,0,0,0,REST,0,0,0,0,0,0,0,0,CALCULATING,ON SKIN,54878
2022-11-01 15:14:38.874,180,163938,131688,62886,53991,-0.049,-0.135,0.986,0,60,0,0,0,REST,0,0,0,0,0,0,0,0,CALCULATING,ON SKIN,54878
2022-11-01 15:14:38.904,181,163921,131686,62874,53974,-0.052,-0.134,0.986,0,60,0,0,0,REST,0,0,0,0,0,0,0,0,CALCULATING,ON SKIN,54878
2022-11-01 15:14:38.936,182,163919,131714,62872,53973,-0.05,-0.134,0.985,0,60,0,0,0,REST,0,0,0,0,0,0,0,0,CALCULATING,ON SKIN,54878
2022-11-01 15:14:38.983,183,163959,131760,62884,53977,-0.049,-0.134,0.986,0,60,0,0,0,REST,0,0,0,0,0,0,0,0,CALCULATING,ON SKIN,54878
2022-11-01 15:14:39.031,184,163996,131821,62899,53992,-0.052,-0.134,0.987,0,60,0,0,0,REST,0,0,0,0,0,0,0,0,CALCULATING,ON SKIN,54878
2022-11-01 15:14:39.079,185,164047,131879,62923,54011,-0.047,-0.135,0.988,0,60,0,0,0,REST,0,0,0,0,0,0,0,0,CALCULATING,ON SKIN,54878
2022-11-01 15:14:39.109,186,164098,131944,62937,54018,-0.054,-0.133,0.986,0,60,0,0,0,REST,0,0,0,0,0,0,0,0,CALCULATING,ON SKIN,54878
2022-11-01 15:14:39.141,187,164150,132003,62965,54049,-0.05,-0.135,0.986,0,60,0,0,0,REST,0,0,0,0,0,0,0,0,CALCULATING,ON SKIN,54878
2022-11-01 15:14:39.173,188,164031,131917,63003,54107,-0.049,-0.133,0.987,0,60,0,0,0,REST,0,0,0,0,0,0,0,0,CALCULATING,ON SKIN,54879
2022-11-01 15:14:39.220,189,163665,131606,63002,54139,-0.051,-0.135,0.986,0,60,0,0,0,REST,0,0,0,0,0,0,0,0,CALCULATING,ON SKIN,54879
2022-11-01 15:14:39.267,190,163280,131272,62898,54033,-0.052,-0.134,0.986,0,60,0,0,0,REST,0,0,0,0,0,0,0,0,CALCULATING,ON SKIN,54879
2022-11-01 15:14:39.301,191,163008,131058,62794,53928,-0.049,-0.135,0.986,0,60,0,0,0,REST,0,0,0,0,0,0,0,0,CALCULATING,ON SKIN,54879
2022-11-01 15:14:39.345,192,162846,130949,62754,53886,-0.05,-0.134,0.985,0,60,0,754.3,100,REST,0,0,0,0,0,0,0,0,CALCULATING,ON SKIN,54879
2022-11-01 15:14:39.377,193,162740,130890,62760,53887,-0.05,-0.132,0.987,0,60,0,0,0,REST,0,0,0,0,0,0,0,0,CALCULATING,ON SKIN,54879
2022-11-01 15:14:39.425,194,162677,130872,62774,53901,-0.051,-0.136,0.986,0,60,0,0,0,REST,0,0,0,0,0,0,0,0,CALCULATING,ON SKIN,54879
2022-11-01 15:14:39.457,195,162631,130862,62792,53919,-0.048,-0.133,0.987,0,60,0,0,0,REST,0,0,0,0,0,0,0,0,CALCULATING,ON SKIN,54879
2022-11-01 15:14:39.505,196,162530,130812,62809,53939,-0.05,-0.134,0.987,0,60,0,0,0,REST,0,0,0,0,0,0,0,0,CALCULATING,ON SKIN,54879
2022-11-01 15:14:39.536,197,162410,130738,62812,53944,-0.052,-0.135,0.987,0,60,0,0,0,REST,0,0,0,0,0,0,0,0,CALCULATING,ON SKIN,54879
2022-11-01 15:14:39.581,198,162299,130676,62794,53927,-0.051,-0.134,0.985,0,60,0,0,0,REST,0,0,0,0,0,0,0,0,CALCULATING,ON SKIN,54879
2022-11-01 15:14:39.612,199,162239,130657,62783,53917,-0.049,-0.133,0.986,0,60,0,0,0,REST,0,0,0,0,0,0,0,0,CALCULATING,ON SKIN,54879
2022-11-01 15:14:39.660,200,162223,130672,62786,53914,-0.052,-0.134,0.986,0,60,0,0,0,REST,0,0,0,0,0,0,0,0,CALCULATING,ON SKIN,54879
2022-11-01 15:14:39.694,201,162244,130708,62804,53927,-0.051,-0.134,0.987,0,60,0,0,0,REST,0,0,0,0,0,0,0,0,CALCULATING,ON SKIN,54879
2022-11-01 15:14:39.740,202,162273,130756,62821,53943,-0.051,-0.134,0.985,0,60,0,0,0,REST,0,0,0,0,0,0,0,0,CALCULATING,ON SKIN,54879
2022-11-01 15:14:39.786,203,162322,130814,62851,53962,-0.051,-0.134,0.986,0,60,0,0,0,REST,0,0,0,0,0,0,0,0,CALCULATING,ON SKIN,54879
2022-11-01 15:14:39.816,204,162371,130878,62873,53987,-0.051,-0.132,0.986,0,60,0,0,0,REST,0,0,0,0,0,0,0,0,CALCULATING,ON SKIN,54879
2022-11-01 15:14:39.864,205,162421,130933,62892,54005,-0.049,-0.135,0.987,0,60,0,0,0,REST,0,0,0,0,0,0,0,0,CALCULATING,ON SKIN,54879
2022-11-01 15:14:39.895,206,162398,130930,62929,54047,-0.05,-0.134,0.987,0,60,0,0,0,REST,0,0,0,0,0,0,0,0,CALCULATING,ON SKIN,54879
2022-11-01 15:14:39.944,207,162087,130674,62975,54122,-0.05,-0.134,0.987,0,60,0,0,0,REST,0,0,0,0,0,0,0,0,CALCULATING,ON SKIN,54879
2022-11-01 15:14:39.976,208,161632,130305,62919,54085,-0.053,-0.133,0.986,0,60,0,0,0,REST,0,0,0,0,0,0,0,0,CALCULATING,ON SKIN,54879
2022-11-01 15:14:40.023,209,161255,130008,62811,53973,-0.048,-0.134,0.985,0,60,0,0,0,REST,0,0,0,0,0,0,0,0,CALCULATING,ON SKIN,54879
2022-11-01 15:14:40.053,210,161045,129856,62747,53904,-0.049,-0.134,0.986,0,60,0,715.2,100,REST,0,0,0,0,0,0,0,0,CALCULATING,ON SKIN,54879
2022-11-01 15:14:40.102,211,160924,129795,62737,53890,-0.05,-0.133,0.988,0,60,0,0,0,REST,0,0,0,0,0,0,0,0,CALCULATING,ON SKIN,54879
2022-11-01 15:14:40.133,212,160854,129775,62743,53895,-0.051,-0.134,0.987,0,60,0,0,0,REST,0,0,0,0,0,0,0,0,CALCULATING,ON SKIN,54879
2022-11-01 15:14:40.181,213,160826,129793,62760,53905,-0.049,-0.133,0.985,0,60,0,0,0,REST,0,0,0,0,0,0,0,0,CALCULATING,ON SKIN,54880
2022-11-01 15:14:40.213,214,160751,129776,62774,53923,-0.049,-0.135,0.986,0,60,0,0,0,REST,0,0,0,0,0,0,0,0,CALCULATING,ON SKIN,54880
2022-11-01 15:14:40.260,215,160650,129719,62783,53939,-0.051,-0.135,0.986,0,60,0,0,0,REST,0,0,0,0,0,0,0,0,CALCULATING,ON SKIN,54880
2022-11-01 15:14:40.307,216,160533,129657,62771,53928,-0.051,-0.134,0.986,0,60,0,0,0,REST,0,0,0,0,0,0,0,0,CALCULATING,ON SKIN,54880
2022-11-01 15:14:40.338,217,160465,129623,62759,53908,-0.05,-0.135,0.986,0,60,0,0,0,REST,0,0,0,0,0,0,0,0,CALCULATING,ON SKIN,54880
2022-11-01 15:14:40.387,218,160442,129631,62755,53896,-0.051,-0.133,0.986,0,60,0,0,0,REST,0,0,0,0,0,0,0,0,CALCULATING,ON SKIN,54880
2022-11-01 15:14:40.417,219,160461,129678,62768,53908,-0.05,-0.133,0.985,0,60,0,0,0,REST,0,0,0,0,0,0,0,0,CALCULATING,ON SKIN,54880
2022-11-01 15:14:40.464,220,160521,129737,62777,53917,-0.049,-0.133,0.987,0,60,0,0,0,REST,0,0,0,0,0,0,0,0,CALCULATING,ON SKIN,54880
2022-11-01 15:14:40.496,221,160601,129812,62794,53926,-0.051,-0.134,0.986,0,60,0,0,0,REST,0,0,0,0,0,0,0,0,CALCULATING,ON SKIN,54880
2022-11-01 15:14:40.542,222,160670,129878,62820,53949,-0.05,-0.134,0.987,0,60,0,0,0,REST,0,0,0,0,0,0,0,0,CALCULATING,ON SKIN,54880
2022-11-01 15:14:40.574,223,160750,129943,62832,53956,-0.052,-0.132,0.986,0,60,0,0,0,REST,0,0,0,0,0,0,0,0,CALCULATING,ON SKIN,54880
2022-11-01 15:14:40.622,224,160825,130012,62853,53977,-0.051,-0.134,0.986,0,60,0,0,0,REST,0,0,0,0,0,0,0,0,CALCULATING,ON SKIN,54880
2022-11-01 15:14:40.652,225,160769,129978,62884,54025,-0.048,-0.133,0.986,0,60,0,0,0,REST,0,0,0,0,0,0,0,0,CALCULATING,ON SKIN,54880
2022-11-01 15:14:40.699,226,160420,129694,62912,54075,-0.049,-0.135,0.986,0,60,0,0,0,REST,0,0,0,0,0,0,0,0,CALCULATING,ON SKIN,54880
2022-11-01 15:14:40.746,227,160012,129382,62848,54023,-0.052,-0.134,0.986,0,60,0,0,0,REST,0,0,0,0,0,0,0,0,CALCULATING,ON SKIN,54880
2022-11-01 15:14:40.778,228,159728,129180,62767,53932,-0.048,-0.134,0.987,0,60,0,728.5,100,REST,0,0,0,0,0,0,0,0,CALCULATING,ON SKIN,54880
2022-11-01 15:14:40.824,229,159612,129115,62725,53885,-0.049,-0.134,0.985,0,60,0,0,0,REST,0,0,0,0,0,0,0,0,CALCULATING,ON SKIN,54880
2022-11-01 15:14:40.855,230,159564,129106,62727,53881,-0.053,-0.131,0.985,0,60,0,0,0,REST,0,0,0,0,0,0,0,0,CALCULATING,ON SKIN,54880
2022-11-01 15:14:40.901,231,159578,129148,62734,53885,-0.051,-0.135,0.987,0,60,0,0,0,REST,0,0,0,0,0,0,0,0,CALCULATING,ON SKIN,54880
2022-11-01 15:14:40.932,232,159595,129199,62752,53902,-0.049,-0.132,0.987,0,60,0,0,0,REST,0,0,0,0,0,0,0,0,CALCULATING,ON SKIN,54880
2022-11-01 15:14:40.978,233,159559,129204,62767,53921,-0.051,-0.134,0.987,0,60,0,0,0,REST,0,0,0,0,0,0,0,0,CALCULATING,ON SKIN,54880
2022-11-01 15:14:41.024,234,159489,129174,62781,53929,-0.052,-0.135,0.987,0,60,0,0,0,REST,0,0,0,0,0,0,0,0,CALCULATING,ON SKIN,54880
2022-11-01 15:14:41.054,235,159439,129157,62766,53914,-0.051,-0.134,0.986,0,60,0,0,0,REST,0,0,0,0,0,0,0,0,CALCULATING,ON SKIN,54880
2022-11-01 15:14:41.101,236,159426,129179,62761,53902,-0.05,-0.134,0.987,0,60,0,0,0,REST,0,0,0,0,0,0,0,0,CALCULATING,ON SKIN,54880
2022-11-01 15:14:41.148,237,159463,129238,62761,53899,-0.051,-0.135,0.984,0,60,0,0,0,REST,0,0,0,0,0,0,0,0,CALCULATING,ON SKIN,54880
2022-11-01 15:14:41.179,238,159527,129318,62772,53905,-0.049,-0.134,0.988,0,60,0,0,0,REST,0,0,0,0,0,0,0,0,CALCULATING,ON SKIN,54881
2022-11-01 15:14:41.226,239,159620,129420,62786,53913,-0.049,-0.135,0.987,0,60,0,0,0,REST,0,0,0,0,0,0,0,0,CALCULATING,ON SKIN,54881
2022-11-01 15:14:41.258,240,159729,129535,62807,53927,-0.051,-0.135,0.985,0,60,0,0,0,REST,0,0,0,0,0,0,0,0,CALCULATING,ON SKIN,54881
2022-11-01 15:14:41.304,241,159823,129635,62821,53942,-0.053,-0.135,0.987,0,60,0,0,0,REST,0,0,0,0,0,0,0,0,CALCULATING,ON SKIN,54881
2022-11-01 15:14:41.335,242,159916,129742,62839,53956,-0.053,-0.135,0.986,0,60,0,0,0,REST,0,0,0,0,0,0,0,0,CALCULATING,ON SKIN,54881
2022-11-01 15:14:41.382,243,159965,129804,62857,53979,-0.048,-0.134,0.985,0,60,0,0,0,REST,0,0,0,0,0,0,0,0,CALCULATING,ON SKIN,54881
2022-11-01 15:14:41.415,244,159774,129684,62892,54040,-0.049,-0.135,0.987,0,60,0,0,0,REST,0,0,0,0,0,0,0,0,CALCULATING,ON SKIN,54881
2022-11-01 15:14:41.460,245,159450,129458,62878,54033,-0.054,-0.135,0.986,0,60,0,0,0,REST,0,0,0,0,0,0,0,0,CALCULATING,ON SKIN,54881
2022-11-01 15:14:41.505,246,159210,129309,62798,53951,-0.051,-0.134,0.985,0,60,0,736.7,100,REST,0,0,0,0,0,0,0,0,CALCULATING,ON SKIN,54881
2022-11-01 15:14:41.537,247,159102,129274,62747,53890,-0.048,-0.134,0.986,0,60,0,0,0,REST,0,0,0,0,0,0,0,0,CALCULATING,ON SKIN,54881
2022-11-01 15:14:41.585,248,159087,129311,62738,53875,-0.054,-0.134,0.986,0,60,0,0,0,REST,0,0,0,0,0,0,0,0,CALCULATING,ON SKIN,54881
2022-11-01 15:14:41.616,249,159149,129404,62752,53880,-0.051,-0.136,0.985,0,60,0,0,0,REST,0,0,0,0,0,0,0,0,CALCULATING,ON SKIN,54881
2022-11-01 15:14:41.663,250,159208,129491,62768,53894,-0.05,-0.134,0.985,0,60,0,0,0,REST,0,0,0,0,0,0,0,0,CALCULATING,ON SKIN,54881
2022-11-01 15:14:41.694,251,159232,129552,62797,53925,-0.052,-0.135,0.985,0,60,0,0,0,REST,0,0,0,0,0,0,0,0,CALCULATING,ON SKIN,54881
2022-11-01 15:14:41.741,252,159209,129561,62811,53944,-0.053,-0.136,0.985,0,60,0,0,0,REST,0,0,0,0,0,0,0,0,CALCULATING,ON SKIN,54881
2022-11-01 15:14:41.787,253,159200,129585,62803,53929,-0.051,-0.135,0.986,0,60,0,0,0,REST,0,0,0,0,0,0,0,0,CALCULATING,ON SKIN,54881
2022-11-01 15:14:41.819,254,159231,129639,62796,53923,-0.051,-0.136,0.986,0,60,0,0,0,REST,0,0,0,0,0,0,0,0,CALCULATING,ON SKIN,54881
2022-11-01 15:14:41.866,255,159284,129713,62802,53918,-0.052,-0.136,0.986,0,60,0,0,0,REST,0,0,0,0,0,0,0,0,CALCULATING,ON SKIN,54881
2022-11-01 15:14:41.897,0,159374,129817,62814,53922,-0.05,-0.135,0.984,0,60,0,0,0,REST,0,0,0,0,0,0,0,0,CALCULATING,ON SKIN,54881
2022-11-01 15:14:41.943,1,159480,129938,62827,53934,-0.052,-0.135,0.986,0,60,0,0,0,REST,0,0,0,0,0,0,0,0,CALCULATING,ON SKIN,54881
2022-11-01 15:14:41.974,2,159591,130059,62848,53946,-0.052,-0.136,0.986,0,60,0,0,0,REST,0,0,0,0,0,0,0,0,CALCULATING,ON SKIN,54881
2022-11-01 15:14:42.023,3,159707,130179,62868,53968,-0.054,-0.136,0.986,0,60,0,0,0,REST,0,0,0,0,0,0,0,0,CALCULATING,ON SKIN,54881
2022-11-01 15:14:42.057,4,159804,130290,62893,53993,-0.047,-0.135,0.988,0,60,0,0,0,REST,0,0,0,0,0,0,0,0,CALCULATING,ON SKIN,54881
2022-11-01 15:14:42.101,5,159747,130273,62925,54049,-0.052,-0.134,0.986,0,60,0,0,0,REST,0,0,0,0,0,0,0,0,CALCULATING,ON SKIN,54881
2022-11-01 15:14:42.133,6,159485,130096,62965,54103,-0.054,-0.137,0.987,0,60,0,0,0,REST,0,0,0,0,0,0,0,0,CALCULATING,ON SKIN,54881
2022-11-01 15:14:42.177,7,159223,129912,62902,54047,-0.051,-0.135,0.985,0,60,0,0,0,REST,0,0,0,0,0,0,0,0,CALCULATING,ON SKIN,54882
2022-11-01 15:14:42.225,8,159087,129833,62841,53975,-0.048,-0.135,0.986,0,60,0,0,0,REST,0,0,0,0,0,0,0,0,CALCULATING,ON SKIN,54882
2022-11-01 15:14:42.258,9,159067,129856,62826,53950,-0.05,-0.134,0.986,0,60,0,735,100,REST,0,0,0,0,0,0,0,0,CALCULATING,ON SKIN,54882
2022-11-01 15:14:42.301,10,159108,129941,62840,53958,-0.051,-0.135,0.986,0,60,0,0,0,REST,0,0,0,0,0,0,0,0,CALCULATING,ON SKIN,54882
2022-11-01 15:14:42.341,11,159182,130039,62858,53972,-0.049,-0.134,0.987,0,60,0,0,0,REST,0,0,0,0,0,0,0,0,CALCULATING,ON SKIN,54882
2022-11-01 15:14:42.386,12,159227,130111,62881,53995,-0.047,-0.135,0.986,0,60,0,0,0,REST,0,0,0,0,0,0,0,0,CALCULATING,ON SKIN,54882
2022-11-01 15:14:42.433,13,159224,130144,62905,54023,-0.054,-0.135,0.985,0,60,0,0,0,REST,0,0,0,0,0,0,0,0,CALCULATING,ON SKIN,54882
2022-11-01 15:14:42.466,14,159214,130158,62899,54020,-0.052,-0.135,0.987,0,60,0,0,0,REST,0,0,0,0,0,0,0,0,CALCULATING,ON SKIN,54882
2022-11-01 15:14:42.502,15,159240,130200,62887,54001,-0.052,-0.136,0.986,0,60,0,0,0,REST,0,0,0,0,0,0,0,0,CALCULATING,ON SKIN,54882
2022-11-01 15:14:42.533,16,159287,130261,62887,53998,-0.052,-0.135,0.987,0,60,0,0,0,REST,0,0,0,0,0,0,0,0,CALCULATING,ON SKIN,54882
2022-11-01 15:14:42.581,17,159363,130344,62897,54001,-0.051,-0.134,0.985,0,60,0,0,0,REST,0,0,0,0,0,0,0,0,CALCULATING,ON SKIN,54882
2022-11-01 15:14:42.627,18,159480,130459,62908,54008,-0.054,-0.134,0.986,0,60,0,0,0,REST,0,0,0,0,0,0,0,0,CALCULATING,ON SKIN,54882
2022-11-01 15:14:42.658,19,159595,130576,62933,54027,-0.051,-0.134,0.986,0,60,0,0,0,REST,0,0,0,0,0,0,0,0,CALCULATING,ON SKIN,54882
2022-11-01 15:14:42.705,20,159717,130695,62957,54045,-0.054,-0.136,0.986,0,60,0,0,0,REST,0,0,0,0,0,0,0,0,CALCULATING,ON SKIN,54882
2022-11-01 15:14:42.736,21,159825,130807,62988,54074,-0.05,-0.134,0.985,0,60,0,0,0,REST,0,0,0,0,0,0,0,0,CALCULATING,ON SKIN,54882
2022-11-01 15:14:42.783,22,159786,130795,63024,54140,-0.049,-0.134,0.987,0,60,0,0,0,REST,0,0,0,0,0,0,0,0,CALCULATING,ON SKIN,54882
2022-11-01 15:14:42.815,23,159533,130610,63062,54199,-0.053,-0.136,0.986,0,60,0,0,0,REST,0,0,0,0,0,0,0,0,CALCULATING,ON SKIN,54882
2022-11-01 15:14:42.861,24,159282,130437,63012,54148,-0.052,-0.135,0.986,0,60,0,0,0,REST,0,0,0,0,0,0,0,0,CALCULATING,ON SKIN,54882
2022-11-01 15:14:42.899,25,159148,130360,62947,54078,-0.048,-0.135,0.987,0,60,0,0,0,REST,0,0,0,0,0,0,0,0,CALCULATING,ON SKIN,54882
2022-11-01 15:14:42.939,26,159114,130372,62930,54054,-0.051,-0.137,0.987,0,60,0,0,0,REST,0,0,0,0,0,0,0,0,CALCULATING,ON SKIN,54882
2022-11-01 15:14:42.987,27,159136,130427,62940,54055,-0.05,-0.134,0.986,0,60,0,746.8,100,REST,0,0,0,0,0,0,0,0,CALCULATING,ON SKIN,54882
2022-11-01 15:14:43.021,28,159196,130511,62949,54062,-0.049,-0.135,0.986,0,60,0,0,0,REST,0,0,0,0,0,0,0,0,CALCULATING,ON SKIN,54882
2022-11-01 15:14:43.064,29,159242,130584,62970,54081,-0.049,-0.134,0.986,0,60,0,0,0,REST,0,0,0,0,0,0,0,0,CALCULATING,ON SKIN,54882
2022-11-01 15:14:43.095,30,159252,130617,62992,54111,-0.052,-0.135,0.985,0,60,0,0,0,REST,0,0,0,0,0,0,0,0,CALCULATING,ON SKIN,54882
2022-11-01 15:14:43.142,31,159255,130631,62987,54109,-0.05,-0.134,0.986,0,60,0,0,0,REST,0,0,0,0,0,0,0,0,CALCULATING,ON SKIN,54882
2022-11-01 15:14:43.173,32,159284,130671,62976,54095,-0.05,-0.135,0.987,0,60,0,0,0,REST,0,0,0,0,0,0,0,0,CALCULATING,ON SKIN,54883
2022-11-01 15:14:43.221,33,159350,130736,62977,54088,-0.052,-0.135,0.986,0,60,0,0,0,REST,0,0,0,0,0,0,0,0,CALCULATING,ON SKIN,54883
2022-11-01 15:14:43.254,34,159443,130820,62982,54089,-0.052,-0.135,0.985,0,60,0,0,0,REST,0,0,0,0,0,0,0,0,CALCULATING,ON SKIN,54883
2022-11-01 15:14:43.299,35,159552,130915,62994,54097,-0.049,-0.135,0.986,0,60,0,0,0,REST,0,0,0,0,0,0,0,0,CALCULATING,ON SKIN,54883
2022-11-01 15:14:43.345,36,159675,131021,63015,54109,-0.049,-0.135,0.987,0,60,0,0,0,REST,0,0,0,0,0,0,0,0,CALCULATING,ON SKIN,54883
2022-11-01 15:14:43.376,37,159799,131132,63027,54119,-0.052,-0.135,0.986,0,60,0,0,0,REST,0,0,0,0,0,0,0,0,CALCULATING,ON SKIN,54883
2022-11-01 15:14:43.439,38,159927,131246,63043,54135,-0.053,-0.135,0.986,0,60,0,0,0,REST,0,0,0,0,0,0,0,0,CALCULATING,ON SKIN,54883
2022-11-01 15:14:43.475,39,159979,131289,63065,54168,-0.048,-0.135,0.985,0,60,0,0,0,REST,0,0,0,0,0,0,0,0,CALCULATING,ON SKIN,54883
2022-11-01 15:14:43.507,40,159817,131147,63105,54238,-0.05,-0.134,0.987,0,60,0,0,0,REST,0,0,0,0,0,0,0,0,CALCULATING,ON SKIN,54883
2022-11-01 15:14:43.545,41,159548,130910,63080,54224,-0.053,-0.136,0.987,0,60,0,0,0,REST,0,0,0,0,0,0,0,0,CALCULATING,ON SKIN,54883
2022-11-01 15:14:43.592,42,159355,130751,63004,54140,-0.05,-0.135,0.986,0,60,0,0,0,REST,0,0,0,0,0,0,0,0,CALCULATING,ON SKIN,54883
2022-11-01 15:14:43.624,43,159281,130699,62953,54085,-0.05,-0.134,0.984,0,61,0,0,0,REST,0,0,0,0,0,0,0,0,CALCULATING,ON SKIN,54883
2022-11-01 15:14:43.670,44,159283,130712,62945,54067,-0.051,-0.135,0.986,0,61,0,0,0,REST,0,0,0,0,0,0,0,0,CALCULATING,ON SKIN,54883
2022-11-01 15:14:43.717,45,159315,130750,62945,54067,-0.052,-0.135,0.985,0,61,0,0,0,REST,0,0,0,0,0,0,0,0,CALCULATING,ON SKIN,54883
2022-11-01 15:14:43.745,46,159383,130809,62958,54078,-0.049,-0.134,0.986,0,61,0,730.5,100,REST,0,0,0,0,0,0,0,0,CALCULATING,ON SKIN,54883
2022-11-01 15:14:43.779,47,159418,130827,62973,54095,-0.052,-0.132,0.986,0,61,0,0,0,REST,0,0,0,0,0,0,0,0,CALCULATING,ON SKIN,54883
2022-11-01 15:14:43.827,48,159418,130822,62989,54114,-0.05,-0.137,0.986,0,61,0,0,0,REST,0,0,0,0,0,0,0,0,CALCULATING,ON SKIN,54883
2022-11-01 15:14:43.873,49,159419,130817,62973,54096,-0.054,-0.132,0.986,0,61,0,0,0,REST,0,0,0,0,0,0,0,0,CALCULATING,ON SKIN,54883
2022-11-01 15:14:43.903,50,159456,130845,62963,54083,-0.05,-0.136,0.986,0,61,0,0,0,REST,0,0,0,0,0,0,0,0,CALCULATING,ON SKIN,54883
2022-11-01 15:14:43.934,51,159523,130897,62966,54078,-0.053,-0.134,0.986,0,61,0,0,0,REST,0,0,0,0,0,0,0,0,CALCULATING,ON SKIN,54883
2022-11-01 15:14:43.980,52,159619,130979,62977,54088,-0.05,-0.134,0.985,0,61,0,0,0,REST,0,0,0,0,0,0,0,0,CALCULATING,ON SKIN,54883
2022-11-01 15:14:44.012,53,159727,131075,62988,54093,-0.051,-0.134,0.985,0,61,0,0,0,REST,0,0,0,0,0,0,0,0,CALCULATING,ON SKIN,54883
2022-11-01 15:14:44.060,54,159850,131174,63009,54108,-0.051,-0.135,0.987,0,62,0,0,0,REST,0,0,0,0,0,0,0,0,CALCULATING,ON SKIN,54883
2022-11-01 15:14:44.105,55,159969,131270,63021,54118,-0.049,-0.133,0.987,0,62,0,0,0,REST,0,0,0,0,0,0,0,0,CALCULATING,ON SKIN,54883
2022-11-01 15:14:44.137,56,160080,131366,63032,54127,-0.052,-0.135,0.986,0,62,0,0,0,REST,0,0,0,0,0,0,0,0,CALCULATING,ON SKIN,54883
2022-11-01 15:14:44.182,57,160190,131454,63046,54140,-0.051,-0.134,0.987,0,62,0,0,0,REST,0,0,0,0,0,0,0,0,CALCULATING,ON SKIN,54884
2022-11-01 15:14:44.214,58,160190,131442,63067,54184,-0.047,-0.135,0.987,0,62,0,0,0,REST,0,0,0,0,0,0,0,0,CALCULATING,ON SKIN,54884
2022-11-01 15:14:44.260,59,159964,131228,63093,54237,-0.052,-0.133,0.987,0,63,0,0,0,REST,0,0,0,0,0,0,0,0,CALCULATING,ON SKIN,54884
2022-11-01 15:14:44.306,60,159682,130959,63041,54189,-0.05,-0.135,0.986,0,63,0,0,0,REST,0,0,0,0,0,0,0,0,CALCULATING,ON SKIN,54884
2022-11-01 15:14:44.337,61,159499,130789,62956,54098,-0.051,-0.134,0.985,0,63,0,0,0,REST,0,0,0,0,0,0,0,0,CALCULATING,ON SKIN,54884
2022-11-01 15:14:44.383,62,159438,130724,62922,54060,-0.048,-0.134,0.985,0,63,0,0,0,REST,0,0,0,0,0,0,0,0,CALCULATING,ON SKIN,54884
2022-11-01 15:14:44.415,63,159420,130702,62918,54052,-0.052,-0.131,0.985,0,64,0,695.2,100,REST,0,0,0,0,0,0,0,0,CALCULATING,ON SKIN,54884
2022-11-01 15:14:44.462,64,159455,130723,62929,54058,-0.051,-0.136,0.987,0,64,0,0,0,REST,0,0,0,0,0,0,0,0,CALCULATING,ON SKIN,54884
2022-11-01 15:14:44.493,65,159477,130734,62938,54069,-0.049,-0.132,0.986,0,64,0,0,0,REST,0,0,0,0,0,0,0,0,CALCULATING,ON SKIN,54884
2022-11-01 15:14:44.539,66,159473,130716,62948,54085,-0.049,-0.135,0.986,0,64,0,0,0,REST,0,0,0,0,0,0,0,0,CALCULATING,ON SKIN,54884
2022-11-01 15:14:44.585,67,159442,130664,62954,54092,-0.052,-0.134,0.985,0,65,0,0,0,REST,0,0,0,0,0,0,0,0,CALCULATING,ON SKIN,54884
2022-11-01 15:14:44.616,68,159438,130643,62945,54081,-0.051,-0.135,0.986,0,65,0,0,0,REST,0,0,0,0,0,0,0,0,CALCULATING,ON SKIN,54884
2022-11-01 15:14:44.662,69,159469,130649,62937,54067,-0.049,-0.134,0.986,0,65,0,0,0,REST,0,0,0,0,0,0,0,0,CALCULATING,ON SKIN,54884
2022-11-01 15:14:44.693,70,159544,130696,62948,54076,-0.05,-0.134,0.986,0,65,0,0,0,REST,0,0,0,0,0,0,0,0,CALCULATING,ON SKIN,54884
2022-11-01 15:14:44.739,71,159635,130753,62963,54083,-0.05,-0.134,0.986,0,66,0,0,0,REST,0,0,0,0,0,0,0,0,CALCULATING,ON SKIN,54884
2022-11-01 15:14:44.785,72,159750,130833,62979,54100,-0.05,-0.134,0.986,0,66,0,0,0,REST,0,0,0,0,0,0,0,0,CALCULATING,ON SKIN,54884
2022-11-01 15:14:44.816,73,159860,130909,62993,54111,-0.052,-0.133,0.987,0,66,0,0,0,REST,0,0,0,0,0,0,0,0,CALCULATING,ON SKIN,54884
2022-11-01 15:14:44.863,74,159967,130983,63014,54133,-0.049,-0.134,0.987,0,66,0,0,0,REST,0,0,0,0,0,0,0,0,CALCULATING,ON SKIN,54884
2022-11-01 15:14:44.897,75,160072,131050,63026,54139,-0.054,-0.134,0.986,0,67,0,0,0,REST,0,0,0,0,0,0,0,0,CALCULATING,ON SKIN,54884
2022-11-01 15:14:44.941,76,160172,131108,63045,54158,-0.051,-0.135,0.986,0,67,0,0,0,REST,0,0,0,0,0,0,0,0,CALCULATING,ON SKIN,54884
2022-11-01 15:14:44.987,77,160131,131043,63069,54209,-0.049,-0.133,0.985,0,67,0,0,0,REST,0,0,0,0,0,0,0,0,CALCULATING,ON SKIN,54884
2022-11-01 15:14:45.017,78,159866,130757,63097,54263,-0.051,-0.135,0.986,0,67,0,0,0,REST,0,0,0,0,0,0,0,0,CALCULATING,ON SKIN,54884
2022-11-01 15:14:45.065,79,159585,130452,63035,54210,-0.052,-0.133,0.987,0,67,0,0,0,REST,0,0,0,0,0,0,0,0,CALCULATING,ON SKIN,54884
2022-11-01 15:14:45.100,80,159415,130259,62976,54140,-0.049,-0.134,0.986,0,68,0,685.8,100,REST,0,0,0,0,0,0,0,0,CALCULATING,ON SKIN,54884
2022-11-01 15:14:45.143,81,159347,130171,62947,54106,-0.048,-0.132,0.986,0,68,0,0,0,REST,0,0,0,0,0,0,0,0,CALCULATING,ON SKIN,54884
2022-11-01 15:14:45.174,82,159329,130123,62954,54110,-0.053,-0.133,0.987,0,68,0,0,0,REST,0,0,0,0,0,0,0,0,CALCULATING,ON SKIN,54885
2022-11-01 15:14:45.221,83,159357,130133,62963,54119,-0.05,-0.135,0.986,0,68,0,0,0,REST,0,0,0,0,0,0,0,0,CALCULATING,ON SKIN,54885
2022-11-01 15:14:45.273,84,159379,130134,62969,54128,-0.047,-0.133,0.986,0,68,0,0,0,REST,0,0,0,0,0,0,0,0,CALCULATING,ON SKIN,54885
2022-11-01 15:14:45.300,85,159379,130099,62993,54150,-0.052,-0.135,0.986,0,69,0,0,0,REST,0,0,0,0,0,0,0,0,CALCULATING,ON SKIN,54885
2022-11-01 15:14:45.362,86,159351,130043,63001,54162,-0.049,-0.134,0.986,0,69,0,0,0,REST,0,0,0,0,0,0,0,0,CALCULATING,ON SKIN,54885
2022-11-01 15:14:45.378,87,159346,130004,62979,54141,-0.051,-0.134,0.986,0,69,0,0,0,REST,0,0,0,0,0,0,0,0,CALCULATING,ON SKIN,54885
2022-11-01 15:14:45.424,88,159388,130015,62983,54143,-0.05,-0.135,0.986,0,69,0,0,0,REST,0,0,0,0,0,0,0,0,CALCULATING,ON SKIN,54885
2022-11-01 15:14:45.459,89,159460,130048,62987,54143,-0.05,-0.133,0.986,0,69,0,0,0,REST,0,0,0,0,0,0,0,0,CALCULATING,ON SKIN,54885
2022-11-01 15:14:45.501,90,159556,130102,63000,54153,-0.051,-0.134,0.987,0,69,0,0,0,REST,0,0,0,0,0,0,0,0,CALCULATING,ON SKIN,54885
2022-11-01 15:14:45.532,91,159660,130164,63021,54168,-0.051,-0.134,0.987,0,69,0,0,0,REST,0,0,0,0,0,0,0,0,CALCULATING,ON SKIN,54885
2022-11-01 15:14:45.585,92,159767,130239,63034,54182,-0.052,-0.133,0.986,0,69,0,0,0,REST,0,0,0,0,0,0,0,0,CALCULATING,ON SKIN,54885
2022-11-01 15:14:45.617,93,159883,130316,63064,54207,-0.048,-0.133,0.986,0,70,0,0,0,REST,0,0,0,0,0,0,0,0,CALCULATING,ON SKIN,54885
2022-11-01 15:14:45.659,94,159994,130387,63077,54219,-0.052,-0.131,0.986,0,70,0,0,0,REST,0,0,0,0,0,0,0,0,CALCULATING,ON SKIN,54885
2022-11-01 15:14:45.705,95,160106,130464,63109,54254,-0.05,-0.134,0.986,0,70,0,0,0,REST,0,0,0,0,0,0,0,0,CALCULATING,ON SKIN,54885
2022-11-01 15:14:45.737,96,160084,130414,63152,54312,-0.05,-0.132,0.986,0,70,0,0,0,REST,0,0,0,0,0,0,0,0,CALCULATING,ON SKIN,54885
2022-11-01 15:14:45.797,97,159835,130138,63195,54382,-0.051,-0.135,0.986,0,70,0,0,0,REST,0,0,0,0,0,0,0,0,CALCULATING,ON SKIN,54885
2022-11-01 15:14:45.829,98,159534,129817,63147,54345,-0.051,-0.134,0.986,0,70,0,698.5,100,REST,0,0,0,0,0,0,0,0,CALCULATING,ON SKIN,54885
2022-11-01 15:14:45.874,99,159346,129611,63079,54273,-0.049,-0.133,0.986,0,70,0,0,0,REST,0,0,0,0,0,0,0,0,CALCULATING,ON SKIN,54885
2022-11-01 15:14:45.906,100,159277,129526,63048,54235,-0.048,-0.134,0.985,0,71,0,0,0,REST,0,0,0,0,0,0,0,0,CALCULATING,ON SKIN,54885
2022-11-01 15:14:45.950,101,159262,129492,63051,54237,-0.054,-0.135,0.987,0,71,0,0,0,REST,0,0,0,0,0,0,0,0,CALCULATING,ON SKIN,54885
2022-11-01 15:14:45.982,102,159292,129500,63060,54237,-0.049,-0.136,0.987,0,71,0,0,0,REST,0,0,0,0,0,0,0,0,CALCULATING,ON SKIN,54885
2022-11-01 15:14:46.013,103,159322,129513,63061,54237,-0.047,-0.133,0.985,0,71,0,0,0,REST,0,0,0,0,0,0,0,0,CALCULATING,ON SKIN,54885
2022-11-01 15:14:46.059,104,159316,129490,63082,54261,-0.05,-0.137,0.985,0,71,0,0,0,REST,0,0,0,0,0,0,0,0,CALCULATING,ON SKIN,54885
2022-11-01 15:14:46.106,105,159299,129445,63068,54251,-0.049,-0.132,0.986,0,71,0,0,0,REST,0,0,0,0,0,0,0,0,CALCULATING,ON SKIN,54885
2022-11-01 15:14:46.137,106,159310,129430,63039,54218,-0.053,-0.134,0.987,0,71,0,0,0,REST,0,0,0,0,0,0,0,0,CALCULATING,ON SKIN,54885
2022-11-01 15:14:46.184,107,159355,129454,63041,54210,-0.052,-0.135,0.986,0,71,0,0,0,REST,0,0,0,0,0,0,0,0,CALCULATING,ON SKIN,54886
2022-11-01 15:14:46.215,108,159420,129482,63037,54210,-0.052,-0.135,0.986,0,72,0,0,0,REST,0,0,0,0,0,0,0,0,CALCULATING,ON SKIN,54886
2022-11-01 15:14:46.260,109,159510,129542,63057,54218,-0.051,-0.134,0.985,0,72,0,0,0,REST,0,0,0,0,0,0,0,0,CALCULATING,ON SKIN,54886
